"feature","domain","jive","ID001__028931_2017-12-05-10-45-13.bin","ID002__028965_2017-12-05-10-38-41.bin","ID003__028934_2017-12-05-10-23-03.bin"
"sleeponset","SL","J","0","0","0"
"wakeup","SL","J","0","0","0"
"number_sib_wakinghours","SL","J","0","0","0"
"SleepDurationInSpt","SL","J","0","0","0"
"sleep_Midpoint","SL","J","0","0","0"
"sleep_efficiency","SL","J","0","0","0"
"N_atleast5minwakenight","SL","J","0","0","0"
"ACC_spt_sleep_mg","SL","J","0","0","0"
"Nblocks_spt_sleep","SL","J","0","0","0"
"sd_sleeponset","SL","J","0","0","0"
"sd_wakeup","SL","J","0","0","0"
"sd_number_sib_wakinghours","SL","J","0","0","0"
"sd_SleepDurationInSpt","SL","J","0","0","0"
"sd_sleep_Midpoint","SL","J","0","0","0"
"sd_sleep_efficiency","SL","J","0","0","0"
"sd_N_atleast5minwakenight","SL","J","0","0","0"
"sd_ACC_spt_sleep_mg","SL","J","0","0","0"
"sd_Nblocks_spt_sleep","SL","J","0","0","0"
"TAC","PA","J","0","0","0"
"TLAC","PA","J","0","0","0"
"TAC_24h","PA","J","0","0","0"
"TLAC_24h","PA","J","0","0","0"
"sed_dur","PA","J","0","0","0"
"light_dur","PA","J","0","0","0"
"mod_dur","PA","J","0","0","0"
"vig_dur","PA","J","0","0","0"
"MVPA_dur","PA","J","0","0","0"
"sed_dur_M10","PA","J","0","0","0"
"light_dur_M10","PA","J","0","0","0"
"mod_dur_M10","PA","J","0","0","0"
"vig_dur_M10","PA","J","0","0","0"
"MVPA_dur_M10","PA","J","0","0","0"
"sed_dur_24h","PA","J","0","0","0"
"light_dur_24h","PA","J","0","0","0"
"mod_dur_24h","PA","J","0","0","0"
"vig_dur_24h","PA","J","0","0","0"
"MVPA_dur_24h","PA","J","0","0","0"
"sed_dur_C2","PA","J","0","0","0"
"light_dur_C2","PA","J","0","0","0"
"mod_dur_C2","PA","J","0","0","0"
"vig_dur_C2","PA","J","0","0","0"
"MVPA_dur_C2","PA","J","0","0","0"
"sed_dur_M10_C2","PA","J","0","0","0"
"light_dur_M10_C2","PA","J","0","0","0"
"mod_dur_M10_C2","PA","J","0","0","0"
"vig_dur_M10_C2","PA","J","0","0","0"
"MVPA_dur_M10.1","PA","J","0","0","0"
"sed_dur_24h_C2","PA","J","0","0","0"
"light_dur_24h_C2","PA","J","0","0","0"
"mod_dur_24h_C2","PA","J","0","0","0"
"vig_dur_24h_C2","PA","J","0","0","0"
"MVPA_dur_24h_C2","PA","J","0","0","0"
"mean_r","PA","J","0","0","0"
"mean_a","PA","J","0","0","0"
"SATP","PA","J","0","0","0"
"ASTP","PA","J","0","0","0"
"Gini_r","PA","J","0","0","0"
"Gini_a","PA","J","0","0","0"
"alpha_r","PA","J","0","0","0"
"alpha_a","PA","J","0","0","0"
"h_r","PA","J","0","0","0"
"h_a","PA","J","0","0","0"
"dur_day_total_IN_min","PA","J","0","0","0"
"dur_day_total_LIG_min","PA","J","0","0","0"
"dur_day_total_MOD_min","PA","J","0","0","0"
"dur_day_total_VIG_min","PA","J","0","0","0"
"dur_day_MVPA_bts_10_min","PA","J","0","0","0"
"dur_day_MVPA_bts_5_10_min","PA","J","0","0","0"
"dur_day_MVPA_bts_1_5_min","PA","J","0","0","0"
"Nbouts_day_IN_bts_30","PA","J","0","0","0"
"Nbouts_day_IN_bts_20_30","PA","J","0","0","0"
"Nbouts_day_IN_bts_10_20","PA","J","0","0","0"
"Nbouts_day_LIG_bts_5_10","PA","J","0","0","0"
"Nbouts_day_LIG_bts_1_5","PA","J","0","0","0"
"Nbouts_day_MVPA_bts_10","PA","J","0","0","0"
"Nbouts_day_MVPA_bts_5_10","PA","J","0","0","0"
"Nbouts_day_MVPA_bts_1_5","PA","J","0","0","0"
"Nblocks_day_total_IN","PA","J","0","0","0"
"Nblocks_day_total_LIG","PA","J","0","0","0"
"Nblocks_day_total_MOD","PA","J","0","0","0"
"Nblocks_day_total_VIG","PA","J","0","0","0"
"sd_TAC","PA","J","0","0","0"
"sd_TLAC","PA","J","0","0","0"
"sd_TAC_24h","PA","J","0","0","0"
"sd_TLAC_24h","PA","J","0","0","0"
"sd_sed_dur","PA","J","0","0","0"
"sd_light_dur","PA","J","0","0","0"
"sd_mod_dur","PA","J","0","0","0"
"sd_vig_dur","PA","J","0","0","0"
"sd_MVPA_dur","PA","J","0","0","0"
"sd_sed_dur_M10","PA","J","0","0","0"
"sd_light_dur_M10","PA","J","0","0","0"
"sd_mod_dur_M10","PA","J","0","0","0"
"sd_vig_dur_M10","PA","J","0","0","0"
"sd_MVPA_dur_M10","PA","J","0","0","0"
"sd_sed_dur_24h","PA","J","0","0","0"
"sd_light_dur_24h","PA","J","0","0","0"
"sd_mod_dur_24h","PA","J","0","0","0"
"sd_vig_dur_24h","PA","J","0","0","0"
"sd_MVPA_dur_24h","PA","J","0","0","0"
"sd_sed_dur_C2","PA","J","0","0","0"
"sd_light_dur_C2","PA","J","0","0","0"
"sd_mod_dur_C2","PA","J","0","0","0"
"sd_vig_dur_C2","PA","J","0","0","0"
"sd_MVPA_dur_C2","PA","J","0","0","0"
"sd_sed_dur_M10_C2","PA","J","0","0","0"
"sd_light_dur_M10_C2","PA","J","0","0","0"
"sd_mod_dur_M10_C2","PA","J","0","0","0"
"sd_vig_dur_M10_C2","PA","J","0","0","0"
"sd_MVPA_dur_M10.1","PA","J","0","0","0"
"sd_sed_dur_24h_C2","PA","J","0","0","0"
"sd_light_dur_24h_C2","PA","J","0","0","0"
"sd_mod_dur_24h_C2","PA","J","0","0","0"
"sd_vig_dur_24h_C2","PA","J","0","0","0"
"sd_MVPA_dur_24h_C2","PA","J","0","0","0"
"sd_mean_r","PA","J","0","0","0"
"sd_mean_a","PA","J","0","0","0"
"sd_SATP","PA","J","0","0","0"
"sd_ASTP","PA","J","0","0","0"
"sd_Gini_r","PA","J","0","0","0"
"sd_Gini_a","PA","J","0","0","0"
"sd_alpha_r","PA","J","0","0","0"
"sd_alpha_a","PA","J","0","0","0"
"sd_h_r","PA","J","0","0","0"
"sd_h_a","PA","J","0","0","0"
"sd_dur_day_total_IN_min","PA","J","0","0","0"
"sd_dur_day_total_LIG_min","PA","J","0","0","0"
"sd_dur_day_total_MOD_min","PA","J","0","0","0"
"sd_dur_day_total_VIG_min","PA","J","0","0","0"
"sd_dur_day_MVPA_bts_10_min","PA","J","0","0","0"
"sd_dur_day_MVPA_bts_5_10_min","PA","J","0","0","0"
"sd_dur_day_MVPA_bts_1_5_min","PA","J","0","0","0"
"sd_Nbouts_day_IN_bts_30","PA","J","0","0","0"
"sd_Nbouts_day_IN_bts_20_30","PA","J","0","0","0"
"sd_Nbouts_day_IN_bts_10_20","PA","J","0","0","0"
"sd_Nbouts_day_LIG_bts_5_10","PA","J","0","0","0"
"sd_Nbouts_day_LIG_bts_1_5","PA","J","0","0","0"
"sd_Nbouts_day_MVPA_bts_10","PA","J","0","0","0"
"sd_Nbouts_day_MVPA_bts_5_10","PA","J","0","0","0"
"sd_Nbouts_day_MVPA_bts_1_5","PA","J","0","0","0"
"sd_Nblocks_day_total_IN","PA","J","0","0","0"
"sd_Nblocks_day_total_LIG","PA","J","0","0","0"
"sd_Nblocks_day_total_MOD","PA","J","0","0","0"
"sd_Nblocks_day_total_VIG","PA","J","0","0","0"
"L5TIME_num","CR","J","0","0","0"
"M10TIME_num","CR","J","0","0","0"
"L5VALUE","CR","J","0","0","0"
"M10VALUE","CR","J","0","0","0"
"RA_ggir","CR","J","0","0","0"
"L5","CR","J","0","0","0"
"L6","CR","J","0","0","0"
"L7","CR","J","0","0","0"
"L8","CR","J","0","0","0"
"L9","CR","J","0","0","0"
"L10","CR","J","0","0","0"
"L5TIME","CR","J","0","0","0"
"L6TIME","CR","J","0","0","0"
"L7TIME","CR","J","0","0","0"
"L8TIME","CR","J","0","0","0"
"L9TIME","CR","J","0","0","0"
"L10TIME","CR","J","0","0","0"
"M5","CR","J","0","0","0"
"M6","CR","J","0","0","0"
"M7","CR","J","0","0","0"
"M8","CR","J","0","0","0"
"M9","CR","J","0","0","0"
"M10","CR","J","0","0","0"
"M5TIME","CR","J","0","0","0"
"M6TIME","CR","J","0","0","0"
"M7TIME","CR","J","0","0","0"
"M8TIME","CR","J","0","0","0"
"M9TIME","CR","J","0","0","0"
"M10TIME","CR","J","0","0","0"
"L5_NN","CR","J","0","0","0"
"L6_NN","CR","J","0","0","0"
"L7_NN","CR","J","0","0","0"
"L8_NN","CR","J","0","0","0"
"L9_NN","CR","J","0","0","0"
"L10_NN","CR","J","0","0","0"
"L5TIME_NN","CR","J","0","0","0"
"L6TIME_NN","CR","J","0","0","0"
"L7TIME_NN","CR","J","0","0","0"
"L8TIME_NN","CR","J","0","0","0"
"L9TIME_NN","CR","J","0","0","0"
"L10TIME_NN","CR","J","0","0","0"
"M5_NN","CR","J","0","0","0"
"M6_NN","CR","J","0","0","0"
"M7_NN","CR","J","0","0","0"
"M8_NN","CR","J","0","0","0"
"M9_NN","CR","J","0","0","0"
"M10_NN","CR","J","0","0","0"
"M5TIME_NN","CR","J","0","0","0"
"M6TIME_NN","CR","J","0","0","0"
"M7TIME_NN","CR","J","0","0","0"
"M8TIME_NN","CR","J","0","0","0"
"M9TIME_NN","CR","J","0","0","0"
"M10TIME_NN","CR","J","0","0","0"
"L5TIME_num_cmean","CR","J","0","0","0"
"M10TIME_num_cmean","CR","J","0","0","0"
"L5TIME_cmean","CR","J","0","0","0"
"L6TIME_cmean","CR","J","0","0","0"
"L7TIME_cmean","CR","J","0","0","0"
"L8TIME_cmean","CR","J","0","0","0"
"L9TIME_cmean","CR","J","0","0","0"
"L10TIME_cmean","CR","J","0","0","0"
"M5TIME_cmean","CR","J","0","0","0"
"M6TIME_cmean","CR","J","0","0","0"
"M7TIME_cmean","CR","J","0","0","0"
"M8TIME_cmean","CR","J","0","0","0"
"M9TIME_cmean","CR","J","0","0","0"
"M10TIME_cmean","CR","J","0","0","0"
"L5TIME_NN_cmean","CR","J","0","0","0"
"L6TIME_NN_cmean","CR","J","0","0","0"
"L7TIME_NN_cmean","CR","J","0","0","0"
"L8TIME_NN_cmean","CR","J","0","0","0"
"L9TIME_NN_cmean","CR","J","0","0","0"
"L10TIME_NN_cmean","CR","J","0","0","0"
"M5TIME_NN_cmean","CR","J","0","0","0"
"M6TIME_NN_cmean","CR","J","0","0","0"
"M7TIME_NN_cmean","CR","J","0","0","0"
"M8TIME_NN_cmean","CR","J","0","0","0"
"M9TIME_NN_cmean","CR","J","0","0","0"
"M10TIME_NN_cmean","CR","J","0","0","0"
"RA","CR","J","0","0","0"
"IV","CR","J","0","0","0"
"IS","CR","J","0","0","0"
"IV_intradailyvariability","CR","J","0","0","0"
"IS_interdailystability","CR","J","0","0","0"
"mesor","CR","J","0","0","0"
"amp","CR","J","0","0","0"
"acro","CR","J","0","0","0"
"mesor_L","CR","J","0","0","0"
"amp_L","CR","J","0","0","0"
"acro_L","CR","J","0","0","0"
"minimum_ext","CR","J","0","0","0"
"amp_ext","CR","J","0","0","0"
"alpha_ext","CR","J","0","0","0"
"beta_ext","CR","J","0","0","0"
"acrotime_ext","CR","J","0","0","0"
"F_pseudo_ext","CR","J","0","0","0"
"UpMesor_ext","CR","J","0","0","0"
"DownMesor_ext","CR","J","0","0","0"
"MESOR_ext","CR","J","0","0","0"
"minimum_ext_L","CR","J","0","0","0"
"amp_ext_L","CR","J","0","0","0"
"alpha_ext_L","CR","J","0","0","0"
"beta_ext_L","CR","J","0","0","0"
"acrotime_ext_L","CR","J","0","0","0"
"F_pseudo_ext_L","CR","J","0","0","0"
"UpMesor_ext_L","CR","J","0","0","0"
"DownMesor_ext_L","CR","J","0","0","0"
"MESOR_ext_L","CR","J","0","0","0"
"PC1","CR","J","0","0","0"
"PC2","CR","J","0","0","0"
"PC3","CR","J","0","0","0"
"PC4","CR","J","0","0","0"
"PC5","CR","J","0","0","0"
"PC6","CR","J","0","0","0"
"PC7","CR","J","0","0","0"
"PC8","CR","J","0","0","0"
"PC9","CR","J","0","0","0"
"PC10","CR","J","0","0","0"
"mesor_S","CR","J","0","0","0"
"amp_S","CR","J","0","0","0"
"acro_S","CR","J","0","0","0"
"mesor_L_S","CR","J","0","0","0"
"amp_L_S","CR","J","0","0","0"
"acro_L_S","CR","J","0","0","0"
"minimum_ext_S","CR","J","0","0","0"
"amp_ext_S","CR","J","0","0","0"
"alpha_ext_S","CR","J","0","0","0"
"beta_ext_S","CR","J","0","0","0"
"acrotime_ext_S","CR","J","0","0","0"
"F_pseudo_ext_S","CR","J","0","0","0"
"UpMesor_ext_S","CR","J","0","0","0"
"DownMesor_ext_S","CR","J","0","0","0"
"MESOR_ext_S","CR","J","0","0","0"
"minimum_ext_L_S","CR","J","0","0","0"
"amp_ext_L_S","CR","J","0","0","0"
"alpha_ext_L_S","CR","J","0","0","0"
"beta_ext_L_S","CR","J","0","0","0"
"acrotime_ext_L_S","CR","J","0","0","0"
"F_pseudo_ext_L_S","CR","J","0","0","0"
"UpMesor_ext_L_S","CR","J","0","0","0"
"DownMesor_ext_L_S","CR","J","0","0","0"
"MESOR_ext_L_S","CR","J","0","0","0"
"PC1_S","CR","J","0","0","0"
"PC2_S","CR","J","0","0","0"
"PC3_S","CR","J","0","0","0"
"PC4_S","CR","J","0","0","0"
"PC5_S","CR","J","0","0","0"
"PC6_S","CR","J","0","0","0"
"PC7_S","CR","J","0","0","0"
"PC8_S","CR","J","0","0","0"
"PC9_S","CR","J","0","0","0"
"PC10_S","CR","J","0","0","0"
"sd_L5TIME_num","CR","J","0","0","0"
"sd_M10TIME_num","CR","J","0","0","0"
"sd_L5VALUE","CR","J","0","0","0"
"sd_M10VALUE","CR","J","0","0","0"
"sd_RA_ggir","CR","J","0","0","0"
"sd_L5","CR","J","0","0","0"
"sd_L6","CR","J","0","0","0"
"sd_L7","CR","J","0","0","0"
"sd_L8","CR","J","0","0","0"
"sd_L9","CR","J","0","0","0"
"sd_L10","CR","J","0","0","0"
"sd_L5TIME","CR","J","0","0","0"
"sd_L6TIME","CR","J","0","0","0"
"sd_L7TIME","CR","J","0","0","0"
"sd_L8TIME","CR","J","0","0","0"
"sd_L9TIME","CR","J","0","0","0"
"sd_L10TIME","CR","J","0","0","0"
"sd_M5","CR","J","0","0","0"
"sd_M6","CR","J","0","0","0"
"sd_M7","CR","J","0","0","0"
"sd_M8","CR","J","0","0","0"
"sd_M9","CR","J","0","0","0"
"sd_M10","CR","J","0","0","0"
"sd_M5TIME","CR","J","0","0","0"
"sd_M6TIME","CR","J","0","0","0"
"sd_M7TIME","CR","J","0","0","0"
"sd_M8TIME","CR","J","0","0","0"
"sd_M9TIME","CR","J","0","0","0"
"sd_M10TIME","CR","J","0","0","0"
"sd_L5_NN","CR","J","0","0","0"
"sd_L6_NN","CR","J","0","0","0"
"sd_L7_NN","CR","J","0","0","0"
"sd_L8_NN","CR","J","0","0","0"
"sd_L9_NN","CR","J","0","0","0"
"sd_L10_NN","CR","J","0","0","0"
"sd_L5TIME_NN","CR","J","0","0","0"
"sd_L6TIME_NN","CR","J","0","0","0"
"sd_L7TIME_NN","CR","J","0","0","0"
"sd_L8TIME_NN","CR","J","0","0","0"
"sd_L9TIME_NN","CR","J","0","0","0"
"sd_L10TIME_NN","CR","J","0","0","0"
"sd_M5_NN","CR","J","0","0","0"
"sd_M6_NN","CR","J","0","0","0"
"sd_M7_NN","CR","J","0","0","0"
"sd_M8_NN","CR","J","0","0","0"
"sd_M9_NN","CR","J","0","0","0"
"sd_M10_NN","CR","J","0","0","0"
"sd_M5TIME_NN","CR","J","0","0","0"
"sd_M6TIME_NN","CR","J","0","0","0"
"sd_M7TIME_NN","CR","J","0","0","0"
"sd_M8TIME_NN","CR","J","0","0","0"
"sd_M9TIME_NN","CR","J","0","0","0"
"sd_M10TIME_NN","CR","J","0","0","0"
"sd_L5TIME_num_cmean","CR","J","0","0","0"
"sd_M10TIME_num_cmean","CR","J","0","0","0"
"sd_L5TIME_cmean","CR","J","0","0","0"
"sd_L6TIME_cmean","CR","J","0","0","0"
"sd_L7TIME_cmean","CR","J","0","0","0"
"sd_L8TIME_cmean","CR","J","0","0","0"
"sd_L9TIME_cmean","CR","J","0","0","0"
"sd_L10TIME_cmean","CR","J","0","0","0"
"sd_M5TIME_cmean","CR","J","0","0","0"
"sd_M6TIME_cmean","CR","J","0","0","0"
"sd_M7TIME_cmean","CR","J","0","0","0"
"sd_M8TIME_cmean","CR","J","0","0","0"
"sd_M9TIME_cmean","CR","J","0","0","0"
"sd_M10TIME_cmean","CR","J","0","0","0"
"sd_L5TIME_NN_cmean","CR","J","0","0","0"
"sd_L6TIME_NN_cmean","CR","J","0","0","0"
"sd_L7TIME_NN_cmean","CR","J","0","0","0"
"sd_L8TIME_NN_cmean","CR","J","0","0","0"
"sd_L9TIME_NN_cmean","CR","J","0","0","0"
"sd_L10TIME_NN_cmean","CR","J","0","0","0"
"sd_M5TIME_NN_cmean","CR","J","0","0","0"
"sd_M6TIME_NN_cmean","CR","J","0","0","0"
"sd_M7TIME_NN_cmean","CR","J","0","0","0"
"sd_M8TIME_NN_cmean","CR","J","0","0","0"
"sd_M9TIME_NN_cmean","CR","J","0","0","0"
"sd_M10TIME_NN_cmean","CR","J","0","0","0"
"sd_RA","CR","J","0","0","0"
"sd_IV","CR","J","0","0","0"
"sd_mesor","CR","J","0","0","0"
"sd_amp","CR","J","0","0","0"
"sd_acro","CR","J","0","0","0"
"sd_mesor_L","CR","J","0","0","0"
"sd_amp_L","CR","J","0","0","0"
"sd_acro_L","CR","J","0","0","0"
"sd_minimum_ext","CR","J","0","0","0"
"sd_amp_ext","CR","J","0","0","0"
"sd_alpha_ext","CR","J","0","0","0"
"sd_beta_ext","CR","J","0","0","0"
"sd_acrotime_ext","CR","J","0","0","0"
"sd_F_pseudo_ext","CR","J","0","0","0"
"sd_UpMesor_ext","CR","J","0","0","0"
"sd_DownMesor_ext","CR","J","0","0","0"
"sd_MESOR_ext","CR","J","0","0","0"
"sd_minimum_ext_L","CR","J","0","0","0"
"sd_amp_ext_L","CR","J","0","0","0"
"sd_alpha_ext_L","CR","J","0","0","0"
"sd_beta_ext_L","CR","J","0","0","0"
"sd_acrotime_ext_L","CR","J","0","0","0"
"sd_F_pseudo_ext_L","CR","J","0","0","0"
"sd_UpMesor_ext_L","CR","J","0","0","0"
"sd_DownMesor_ext_L","CR","J","0","0","0"
"sd_MESOR_ext_L","CR","J","0","0","0"
"sd_PC1","CR","J","0","0","0"
"sd_PC2","CR","J","0","0","0"
"sd_PC3","CR","J","0","0","0"
"sd_PC4","CR","J","0","0","0"
"sd_PC5","CR","J","0","0","0"
"sd_PC6","CR","J","0","0","0"
"sd_PC7","CR","J","0","0","0"
"sd_PC8","CR","J","0","0","0"
"sd_PC9","CR","J","0","0","0"
"sd_PC10","CR","J","0","0","0"
"sleeponset","SL","A","-0.00268633915293966","-0.00400189957486898","0.00478173306999902"
"wakeup","SL","A","-0.00268633915293966","-0.00400189957486899","0.00478173306999903"
"number_sib_wakinghours","SL","A","0.00216966232329809","0.00323219453497313","-0.00386203881616822"
"SleepDurationInSpt","SL","A","-0.000274266164375566","-0.000408580445032206","0.00048819881389187"
"sleep_Midpoint","SL","A","-0.00268633915293966","-0.00400189957486899","0.00478173306999903"
"sleep_efficiency","SL","A","0.00259456819777704","0.00386518632849848","-0.00461837908296196"
"N_atleast5minwakenight","SL","A","-0.00246566066564472","-0.00367314989204434","0.00438892130630909"
"ACC_spt_sleep_mg","SL","A","-0.00246566066564472","-0.00367314989204434","0.00438892130630909"
"Nblocks_spt_sleep","SL","A","-0.00246566066564472","-0.00367314989204434","0.00438892130630909"
"sd_sleeponset","SL","A","0.00098535800698711","0.00146790988209374","-0.00175395536436364"
"sd_wakeup","SL","A","-0.00246566066564472","-0.00367314989204434","0.00438892130630909"
"sd_number_sib_wakinghours","SL","A","-0.00246566066564472","-0.00367314989204434","0.00438892130630909"
"sd_SleepDurationInSpt","SL","A","-0.00246566066564472","-0.00367314989204434","0.00438892130630909"
"sd_sleep_Midpoint","SL","A","-0.00246566066564472","-0.00367314989204434","0.00438892130630909"
"sd_sleep_efficiency","SL","A","-0.00246566066564472","-0.00367314989204434","0.00438892130630909"
"sd_N_atleast5minwakenight","SL","A","-0.00246566066564472","-0.00367314989204434","0.00438892130630909"
"sd_ACC_spt_sleep_mg","SL","A","0.00098535800698711","0.00146790988209374","-0.00175395536436364"
"sd_Nblocks_spt_sleep","SL","A","-0.00246566066564472","-0.00367314989204434","0.00438892130630909"
"TAC","PA","A","0.000214010869586052","0.000199065924934836","0.000286830652906264"
"TLAC","PA","A","0.000214010869586051","0.000199065924934835","0.000286830652906262"
"TAC_24h","PA","A","0.000214010869586052","0.000199065924934835","0.000286830652906263"
"TLAC_24h","PA","A","0.000214010869586052","0.000199065924934836","0.000286830652906263"
"sed_dur","PA","A","-0.000207121073337338","-0.000192657261367813","-0.000277596520265093"
"light_dur","PA","A","0.000214010869586052","0.000199065924934836","0.000286830652906263"
"mod_dur","PA","A","0.000180823530748348","0.000168196145681885","0.000242350921173701"
"vig_dur","PA","A","0.000214010869586052","0.000199065924934836","0.000286830652906263"
"MVPA_dur","PA","A","0.000180823530748348","0.000168196145681885","0.000242350921173701"
"sed_dur_M10","PA","A","-0.000168596305007134","-0.000156822779430583","-0.000225963234186734"
"light_dur_M10","PA","A","2.62975425889896e-05","2.44611156859279e-05","3.5245599091392e-05"
"mod_dur_M10","PA","A","0.000180823530748348","0.000168196145681885","0.000242350921173701"
"vig_dur_M10","PA","A","0.000214010869586052","0.000199065924934836","0.000286830652906263"
"MVPA_dur_M10","PA","A","0.000180823530748348","0.000168196145681885","0.000242350921173701"
"sed_dur_24h","PA","A","-0.000207121073337338","-0.000192657261367813","-0.000277596520265093"
"light_dur_24h","PA","A","0.000214010869586052","0.000199065924934836","0.000286830652906263"
"mod_dur_24h","PA","A","0.000180823530748348","0.000168196145681885","0.000242350921173701"
"vig_dur_24h","PA","A","0.000214010869586052","0.000199065924934836","0.000286830652906263"
"MVPA_dur_24h","PA","A","0.000180823530748348","0.000168196145681885","0.000242350921173701"
"sed_dur_C2","PA","A","-0.000207121073337338","-0.000192657261367813","-0.000277596520265093"
"light_dur_C2","PA","A","0.000214010869586052","0.000199065924934836","0.000286830652906263"
"mod_dur_C2","PA","A","0.000180823530748348","0.000168196145681885","0.000242350921173701"
"vig_dur_C2","PA","A","0.000214010869586052","0.000199065924934836","0.000286830652906263"
"MVPA_dur_C2","PA","A","0.000180823530748348","0.000168196145681885","0.000242350921173701"
"sed_dur_M10_C2","PA","A","-0.000168596305007134","-0.000156822779430583","-0.000225963234186734"
"light_dur_M10_C2","PA","A","2.62975425889896e-05","2.44611156859279e-05","3.5245599091392e-05"
"mod_dur_M10_C2","PA","A","0.000180823530748348","0.000168196145681885","0.000242350921173701"
"vig_dur_M10_C2","PA","A","0.000214010869586052","0.000199065924934836","0.000286830652906263"
"MVPA_dur_M10.1","PA","A","0.000180823530748348","0.000168196145681885","0.000242350921173701"
"sed_dur_24h_C2","PA","A","-0.000207121073337338","-0.000192657261367813","-0.000277596520265093"
"light_dur_24h_C2","PA","A","0.000214010869586052","0.000199065924934836","0.000286830652906263"
"mod_dur_24h_C2","PA","A","0.000180823530748348","0.000168196145681885","0.000242350921173701"
"vig_dur_24h_C2","PA","A","0.000214010869586052","0.000199065924934836","0.000286830652906263"
"MVPA_dur_24h_C2","PA","A","0.000180823530748348","0.000168196145681885","0.000242350921173701"
"mean_r","PA","A","-0.000207121073337338","-0.000192657261367813","-0.000277596520265093"
"mean_a","PA","A","-4.54145645789182e-05","-4.22431455042524e-05","-6.08674187195292e-05"
"SATP","PA","A","0.000214010869586052","0.000199065924934836","0.000286830652906263"
"ASTP","PA","A","2.62975425889896e-05","2.44611156859279e-05","3.5245599091392e-05"
"Gini_r","PA","A","-4.54145645789182e-05","-4.22431455042524e-05","-6.08674187195292e-05"
"Gini_a","PA","A","0.000180823530748348","0.000168196145681885","0.000242350921173701"
"alpha_r","PA","A","0.000214010869586052","0.000199065924934836","0.000286830652906263"
"alpha_a","PA","A","2.62975425889896e-05","2.44611156859279e-05","3.5245599091392e-05"
"h_r","PA","A","-4.54145645789182e-05","-4.22431455042524e-05","-6.08674187195292e-05"
"h_a","PA","A","-0.000168596305007134","-0.000156822779430583","-0.000225963234186734"
"dur_day_total_IN_min","PA","A","-8.7443237458598e-05","-8.13368450754931e-05","-0.000117196855192451"
"dur_day_total_LIG_min","PA","A","0.000181123343917674","0.000168475022105195","0.000242752749395202"
"dur_day_total_MOD_min","PA","A","0.000181123343917674","0.000168475022105195","0.000242752749395202"
"dur_day_total_VIG_min","PA","A","0.000181123343917674","0.000168475022105195","0.000242752749395202"
"dur_day_MVPA_bts_10_min","PA","A","0.000181123343917674","0.000168475022105195","0.000242752749395202"
"dur_day_MVPA_bts_5_10_min","PA","A","0.000181123343917674","0.000168475022105195","0.000242752749395202"
"dur_day_MVPA_bts_1_5_min","PA","A","0.000181123343917674","0.000168475022105195","0.000242752749395202"
"Nbouts_day_IN_bts_30","PA","A","0.000181123343917674","0.000168475022105195","0.000242752749395202"
"Nbouts_day_IN_bts_20_30","PA","A","0.000181123343917674","0.000168475022105195","0.000242752749395202"
"Nbouts_day_IN_bts_10_20","PA","A","-8.7443237458598e-05","-8.13368450754931e-05","-0.000117196855192451"
"Nbouts_day_LIG_bts_5_10","PA","A","0.000181123343917674","0.000168475022105195","0.000242752749395202"
"Nbouts_day_LIG_bts_1_5","PA","A","0.000181123343917674","0.000168475022105195","0.000242752749395202"
"Nbouts_day_MVPA_bts_10","PA","A","0.000181123343917674","0.000168475022105195","0.000242752749395202"
"Nbouts_day_MVPA_bts_5_10","PA","A","0.000181123343917674","0.000168475022105195","0.000242752749395202"
"Nbouts_day_MVPA_bts_1_5","PA","A","0.000181123343917674","0.000168475022105195","0.000242752749395202"
"Nblocks_day_total_IN","PA","A","0.000181123343917674","0.000168475022105195","0.000242752749395202"
"Nblocks_day_total_LIG","PA","A","0.000181123343917674","0.000168475022105195","0.000242752749395202"
"Nblocks_day_total_MOD","PA","A","0.000181123343917674","0.000168475022105195","0.000242752749395202"
"Nblocks_day_total_VIG","PA","A","0.000181123343917674","0.000168475022105195","0.000242752749395202"
"sd_TAC","PA","A","-4.54145645789182e-05","-4.22431455042524e-05","-6.08674187195292e-05"
"sd_TLAC","PA","A","-4.54145645789182e-05","-4.22431455042524e-05","-6.08674187195292e-05"
"sd_TAC_24h","PA","A","0.000180823530748348","0.000168196145681885","0.000242350921173701"
"sd_TLAC_24h","PA","A","-4.54145645789182e-05","-4.22431455042524e-05","-6.08674187195292e-05"
"sd_sed_dur","PA","A","-4.54145645789182e-05","-4.22431455042524e-05","-6.08674187195292e-05"
"sd_light_dur","PA","A","0.000214010869586052","0.000199065924934836","0.000286830652906263"
"sd_mod_dur","PA","A","0.000180823530748348","0.000168196145681885","0.000242350921173701"
"sd_vig_dur","PA","A","0.000214010869586052","0.000199065924934836","0.000286830652906263"
"sd_MVPA_dur","PA","A","0.000180823530748348","0.000168196145681885","0.000242350921173701"
"sd_sed_dur_M10","PA","A","2.62975425889896e-05","2.44611156859279e-05","3.5245599091392e-05"
"sd_light_dur_M10","PA","A","0.000214010869586052","0.000199065924934836","0.000286830652906263"
"sd_mod_dur_M10","PA","A","0.000214010869586052","0.000199065924934836","0.000286830652906263"
"sd_vig_dur_M10","PA","A","0.000214010869586052","0.000199065924934836","0.000286830652906263"
"sd_MVPA_dur_M10","PA","A","0.000214010869586052","0.000199065924934836","0.000286830652906263"
"sd_sed_dur_24h","PA","A","0.000214010869586052","0.000199065924934836","0.000286830652906263"
"sd_light_dur_24h","PA","A","0.000214010869586052","0.000199065924934836","0.000286830652906263"
"sd_mod_dur_24h","PA","A","0.000214010869586052","0.000199065924934836","0.000286830652906263"
"sd_vig_dur_24h","PA","A","0.000214010869586052","0.000199065924934836","0.000286830652906263"
"sd_MVPA_dur_24h","PA","A","0.000214010869586052","0.000199065924934836","0.000286830652906263"
"sd_sed_dur_C2","PA","A","-4.54145645789182e-05","-4.22431455042524e-05","-6.08674187195292e-05"
"sd_light_dur_C2","PA","A","0.000214010869586052","0.000199065924934836","0.000286830652906263"
"sd_mod_dur_C2","PA","A","0.000180823530748348","0.000168196145681885","0.000242350921173701"
"sd_vig_dur_C2","PA","A","0.000214010869586052","0.000199065924934836","0.000286830652906263"
"sd_MVPA_dur_C2","PA","A","0.000180823530748348","0.000168196145681885","0.000242350921173701"
"sd_sed_dur_M10_C2","PA","A","2.62975425889896e-05","2.44611156859279e-05","3.5245599091392e-05"
"sd_light_dur_M10_C2","PA","A","0.000214010869586052","0.000199065924934836","0.000286830652906263"
"sd_mod_dur_M10_C2","PA","A","0.000214010869586052","0.000199065924934836","0.000286830652906263"
"sd_vig_dur_M10_C2","PA","A","0.000214010869586052","0.000199065924934836","0.000286830652906263"
"sd_MVPA_dur_M10.1","PA","A","0.000214010869586052","0.000199065924934836","0.000286830652906263"
"sd_sed_dur_24h_C2","PA","A","0.000214010869586052","0.000199065924934836","0.000286830652906263"
"sd_light_dur_24h_C2","PA","A","0.000214010869586052","0.000199065924934836","0.000286830652906263"
"sd_mod_dur_24h_C2","PA","A","0.000214010869586052","0.000199065924934836","0.000286830652906263"
"sd_vig_dur_24h_C2","PA","A","0.000214010869586052","0.000199065924934836","0.000286830652906263"
"sd_MVPA_dur_24h_C2","PA","A","0.000214010869586052","0.000199065924934836","0.000286830652906263"
"sd_mean_r","PA","A","-0.000207121073337338","-0.000192657261367813","-0.000277596520265093"
"sd_mean_a","PA","A","-4.54145645789182e-05","-4.22431455042524e-05","-6.08674187195292e-05"
"sd_SATP","PA","A","0.000214010869586052","0.000199065924934836","0.000286830652906263"
"sd_ASTP","PA","A","2.62975425889896e-05","2.44611156859279e-05","3.5245599091392e-05"
"sd_Gini_r","PA","A","2.62975425889896e-05","2.44611156859279e-05","3.5245599091392e-05"
"sd_Gini_a","PA","A","-0.000168596305007134","-0.000156822779430583","-0.000225963234186734"
"sd_alpha_r","PA","A","2.62975425889896e-05","2.44611156859279e-05","3.5245599091392e-05"
"sd_alpha_a","PA","A","2.62975425889896e-05","2.44611156859279e-05","3.5245599091392e-05"
"sd_h_r","PA","A","-4.54145645789182e-05","-4.22431455042524e-05","-6.08674187195292e-05"
"sd_h_a","PA","A","2.62975425889896e-05","2.44611156859279e-05","3.5245599091392e-05"
"sd_dur_day_total_IN_min","PA","A","0.000181123343917674","0.000168475022105195","0.000242752749395202"
"sd_dur_day_total_LIG_min","PA","A","0.000181123343917674","0.000168475022105195","0.000242752749395202"
"sd_dur_day_total_MOD_min","PA","A","0.000181123343917674","0.000168475022105195","0.000242752749395202"
"sd_dur_day_total_VIG_min","PA","A","0.000181123343917674","0.000168475022105195","0.000242752749395202"
"sd_dur_day_MVPA_bts_10_min","PA","A","0.000181123343917674","0.000168475022105195","0.000242752749395202"
"sd_dur_day_MVPA_bts_5_10_min","PA","A","0.000181123343917674","0.000168475022105195","0.000242752749395202"
"sd_dur_day_MVPA_bts_1_5_min","PA","A","0.000181123343917674","0.000168475022105195","0.000242752749395202"
"sd_Nbouts_day_IN_bts_30","PA","A","0.000181123343917674","0.000168475022105195","0.000242752749395202"
"sd_Nbouts_day_IN_bts_20_30","PA","A","0.000181123343917674","0.000168475022105195","0.000242752749395202"
"sd_Nbouts_day_IN_bts_10_20","PA","A","-8.7443237458598e-05","-8.13368450754931e-05","-0.000117196855192451"
"sd_Nbouts_day_LIG_bts_5_10","PA","A","0.000181123343917674","0.000168475022105195","0.000242752749395202"
"sd_Nbouts_day_LIG_bts_1_5","PA","A","0.000181123343917674","0.000168475022105195","0.000242752749395202"
"sd_Nbouts_day_MVPA_bts_10","PA","A","0.000181123343917674","0.000168475022105195","0.000242752749395202"
"sd_Nbouts_day_MVPA_bts_5_10","PA","A","0.000181123343917674","0.000168475022105195","0.000242752749395202"
"sd_Nbouts_day_MVPA_bts_1_5","PA","A","0.000181123343917674","0.000168475022105195","0.000242752749395202"
"sd_Nblocks_day_total_IN","PA","A","0.000181123343917674","0.000168475022105195","0.000242752749395202"
"sd_Nblocks_day_total_LIG","PA","A","0.000181123343917674","0.000168475022105195","0.000242752749395202"
"sd_Nblocks_day_total_MOD","PA","A","0.000181123343917674","0.000168475022105195","0.000242752749395202"
"sd_Nblocks_day_total_VIG","PA","A","0.000181123343917674","0.000168475022105195","0.000242752749395202"
"L5TIME_num","CR","A","-0.000529796898749853","0.000452618839137619","8.11674307250429e-05"
"M10TIME_num","CR","A","-0.000529796898749852","0.000452618839137618","8.11674307250429e-05"
"L5VALUE","CR","A","-0.000529796898749852","0.000452618839137618","8.11674307250428e-05"
"M10VALUE","CR","A","-0.000529796898749852","0.000452618839137618","8.11674307250428e-05"
"RA_ggir","CR","A","-0.000529796898749852","0.000452618839137618","8.11674307250428e-05"
"L5","CR","A","0.000444655289419311","-0.000379880217095035","-6.81233270440616e-05"
"L6","CR","A","0.000444655289419311","-0.000379880217095035","-6.81233270440616e-05"
"L7","CR","A","0.000444655289419311","-0.000379880217095035","-6.81233270440616e-05"
"L8","CR","A","0.000444655289419311","-0.000379880217095035","-6.81233270440616e-05"
"L9","CR","A","0.000444655289419311","-0.000379880217095035","-6.81233270440616e-05"
"L10","CR","A","0.000444655289419311","-0.000379880217095035","-6.81233270440616e-05"
"L5TIME","CR","A","0.00132404809517019","-0.00113116764785228","-0.000202850530637201"
"L6TIME","CR","A","0.00132404809517019","-0.00113116764785228","-0.000202850530637201"
"L7TIME","CR","A","0.000444655289419311","-0.000379880217095035","-6.81233270440616e-05"
"L8TIME","CR","A","0.000444655289419311","-0.000379880217095035","-6.81233270440616e-05"
"L9TIME","CR","A","0.000444655289419311","-0.000379880217095035","-6.81233270440616e-05"
"L10TIME","CR","A","-0.000773477848863695","0.000660801614500665","0.000118500523244176"
"M5","CR","A","0.000444655289419311","-0.000379880217095035","-6.81233270440616e-05"
"M6","CR","A","0.000444655289419311","-0.000379880217095035","-6.81233270440616e-05"
"M7","CR","A","0.000444655289419311","-0.000379880217095035","-6.81233270440616e-05"
"M8","CR","A","-0.000773477848863695","0.000660801614500665","0.000118500523244176"
"M9","CR","A","0.000444655289419311","-0.000379880217095035","-6.81233270440616e-05"
"M10","CR","A","0.000444655289419311","-0.000379880217095035","-6.81233270440616e-05"
"M5TIME","CR","A","-0.00055057024630649","0.000470366033351617","8.43500073930252e-05"
"M6TIME","CR","A","-0.00055057024630649","0.000470366033351617","8.43500073930252e-05"
"M7TIME","CR","A","-0.00055057024630649","0.000470366033351617","8.43500073930252e-05"
"M8TIME","CR","A","-0.00055057024630649","0.000470366033351617","8.43500073930252e-05"
"M9TIME","CR","A","-0.00055057024630649","0.000470366033351617","8.43500073930252e-05"
"M10TIME","CR","A","-0.00055057024630649","0.000470366033351617","8.43500073930252e-05"
"L5_NN","CR","A","-0.00130812722278835","0.001117566045441","0.00020041137648363"
"L6_NN","CR","A","-0.00130812722278835","0.001117566045441","0.00020041137648363"
"L7_NN","CR","A","-0.00130812722278835","0.001117566045441","0.00020041137648363"
"L8_NN","CR","A","-0.000773477848863695","0.000660801614500665","0.000118500523244176"
"L9_NN","CR","A","-0.000773477848863695","0.000660801614500665","0.000118500523244176"
"L10_NN","CR","A","-0.000773477848863695","0.000660801614500665","0.000118500523244176"
"L5TIME_NN","CR","A","0.000444655289419311","-0.000379880217095035","-6.81233270440616e-05"
"L6TIME_NN","CR","A","0.00132404809517019","-0.00113116764785228","-0.000202850530637201"
"L7TIME_NN","CR","A","0.00132404809517019","-0.00113116764785228","-0.000202850530637201"
"L8TIME_NN","CR","A","0.00132404809517019","-0.00113116764785228","-0.000202850530637201"
"L9TIME_NN","CR","A","0.00132404809517019","-0.00113116764785228","-0.000202850530637201"
"L10TIME_NN","CR","A","0.00132404809517019","-0.00113116764785228","-0.000202850530637201"
"M5_NN","CR","A","-0.000773477848863695","0.000660801614500665","0.000118500523244176"
"M6_NN","CR","A","-0.000773477848863695","0.000660801614500665","0.000118500523244176"
"M7_NN","CR","A","-0.00130812722278835","0.001117566045441","0.00020041137648363"
"M8_NN","CR","A","-0.00130812722278835","0.001117566045441","0.00020041137648363"
"M9_NN","CR","A","-0.00130812722278835","0.001117566045441","0.00020041137648363"
"M10_NN","CR","A","-0.00130812722278835","0.001117566045441","0.00020041137648363"
"M5TIME_NN","CR","A","-0.00130812722278835","0.001117566045441","0.00020041137648363"
"M6TIME_NN","CR","A","-0.00130812722278835","0.001117566045441","0.00020041137648363"
"M7TIME_NN","CR","A","-0.00130812722278835","0.001117566045441","0.00020041137648363"
"M8TIME_NN","CR","A","-0.00130812722278835","0.001117566045441","0.00020041137648363"
"M9TIME_NN","CR","A","-0.00130812722278835","0.001117566045441","0.00020041137648363"
"M10TIME_NN","CR","A","-0.00130812722278835","0.001117566045441","0.00020041137648363"
"L5TIME_num_cmean","CR","A","-0.000529796898749852","0.000452618839137618","8.11674307250428e-05"
"M10TIME_num_cmean","CR","A","-0.000529796898749852","0.000452618839137618","8.11674307250428e-05"
"L5TIME_cmean","CR","A","0.00132404809517019","-0.00113116764785228","-0.000202850530637201"
"L6TIME_cmean","CR","A","0.00132404809517019","-0.00113116764785228","-0.000202850530637201"
"L7TIME_cmean","CR","A","0.000444655289419311","-0.000379880217095035","-6.81233270440616e-05"
"L8TIME_cmean","CR","A","0.000444655289419311","-0.000379880217095035","-6.81233270440616e-05"
"L9TIME_cmean","CR","A","0.000444655289419311","-0.000379880217095035","-6.81233270440616e-05"
"L10TIME_cmean","CR","A","-0.000773477848863695","0.000660801614500665","0.000118500523244176"
"M5TIME_cmean","CR","A","-0.000773477848863695","0.000660801614500665","0.000118500523244176"
"M6TIME_cmean","CR","A","-0.000773477848863695","0.000660801614500665","0.000118500523244176"
"M7TIME_cmean","CR","A","-0.00055057024630649","0.000470366033351617","8.43500073930252e-05"
"M8TIME_cmean","CR","A","-0.00055057024630649","0.000470366033351617","8.43500073930252e-05"
"M9TIME_cmean","CR","A","-0.00055057024630649","0.000470366033351617","8.43500073930252e-05"
"M10TIME_cmean","CR","A","-0.00055057024630649","0.000470366033351617","8.43500073930252e-05"
"L5TIME_NN_cmean","CR","A","-0.00130812722278835","0.001117566045441","0.00020041137648363"
"L6TIME_NN_cmean","CR","A","0.000444655289419311","-0.000379880217095035","-6.81233270440616e-05"
"L7TIME_NN_cmean","CR","A","0.000444655289419311","-0.000379880217095035","-6.81233270440616e-05"
"L8TIME_NN_cmean","CR","A","-0.000773477848863695","0.000660801614500665","0.000118500523244176"
"L9TIME_NN_cmean","CR","A","-0.00055057024630649","0.000470366033351617","8.43500073930252e-05"
"L10TIME_NN_cmean","CR","A","-0.00130812722278835","0.001117566045441","0.00020041137648363"
"M5TIME_NN_cmean","CR","A","-0.00130812722278835","0.001117566045441","0.00020041137648363"
"M6TIME_NN_cmean","CR","A","-0.00130812722278835","0.001117566045441","0.00020041137648363"
"M7TIME_NN_cmean","CR","A","-0.00130812722278835","0.001117566045441","0.00020041137648363"
"M8TIME_NN_cmean","CR","A","-0.00130812722278835","0.001117566045441","0.00020041137648363"
"M9TIME_NN_cmean","CR","A","-0.00130812722278835","0.001117566045441","0.00020041137648363"
"M10TIME_NN_cmean","CR","A","-0.00130812722278835","0.001117566045441","0.00020041137648363"
"RA","CR","A","-0.00130812722278835","0.001117566045441","0.00020041137648363"
"IV","CR","A","0.00132404809517019","-0.00113116764785228","-0.000202850530637201"
"IS","CR","A","-0.00130812722278835","0.001117566045441","0.00020041137648363"
"IV_intradailyvariability","CR","A","0.00132404809517019","-0.00113116764785228","-0.000202850530637201"
"IS_interdailystability","CR","A","-0.00055057024630649","0.000470366033351617","8.43500073930252e-05"
"mesor","CR","A","0.000444655289419311","-0.000379880217095035","-6.81233270440616e-05"
"amp","CR","A","-0.000773477848863695","0.000660801614500665","0.000118500523244176"
"acro","CR","A","0.000444655289419311","-0.000379880217095035","-6.81233270440616e-05"
"mesor_L","CR","A","0.000444655289419311","-0.000379880217095035","-6.81233270440616e-05"
"amp_L","CR","A","-0.00055057024630649","0.000470366033351617","8.43500073930252e-05"
"acro_L","CR","A","0.000863471933369039","-0.000737685828345968","-0.000132288049439568"
"minimum_ext","CR","A","0.000444655289419311","-0.000379880217095035","-6.81233270440616e-05"
"amp_ext","CR","A","-0.000773477848863695","0.000660801614500665","0.000118500523244176"
"alpha_ext","CR","A","-0.00130812722278835","0.001117566045441","0.00020041137648363"
"beta_ext","CR","A","0.000444655289419311","-0.000379880217095035","-6.81233270440616e-05"
"acrotime_ext","CR","A","-0.00055057024630649","0.000470366033351617","8.43500073930252e-05"
"F_pseudo_ext","CR","A","-0.00130812722278835","0.001117566045441","0.00020041137648363"
"UpMesor_ext","CR","A","-0.00055057024630649","0.000470366033351617","8.43500073930252e-05"
"DownMesor_ext","CR","A","0.00132404809517019","-0.00113116764785228","-0.000202850530637201"
"MESOR_ext","CR","A","0.000444655289419311","-0.000379880217095035","-6.81233270440616e-05"
"minimum_ext_L","CR","A","0.000444655289419311","-0.000379880217095035","-6.81233270440616e-05"
"amp_ext_L","CR","A","-0.00130812722278835","0.001117566045441","0.00020041137648363"
"alpha_ext_L","CR","A","-0.00055057024630649","0.000470366033351617","8.43500073930252e-05"
"beta_ext_L","CR","A","0.000444655289419311","-0.000379880217095035","-6.81233270440616e-05"
"acrotime_ext_L","CR","A","0.000444655289419311","-0.000379880217095035","-6.81233270440616e-05"
"F_pseudo_ext_L","CR","A","-0.00130812722278835","0.001117566045441","0.00020041137648363"
"UpMesor_ext_L","CR","A","-0.00130812722278835","0.001117566045441","0.00020041137648363"
"DownMesor_ext_L","CR","A","0.000444655289419311","-0.000379880217095035","-6.81233270440616e-05"
"MESOR_ext_L","CR","A","0.000444655289419311","-0.000379880217095035","-6.81233270440616e-05"
"PC1","CR","A","0.00132404809517019","-0.00113116764785228","-0.000202850530637201"
"PC2","CR","A","-0.00055057024630649","0.000470366033351617","8.43500073930252e-05"
"PC3","CR","A","-0.00055057024630649","0.000470366033351617","8.43500073930252e-05"
"PC4","CR","A","0.000444655289419311","-0.000379880217095035","-6.81233270440616e-05"
"PC5","CR","A","0.00132404809517019","-0.00113116764785228","-0.000202850530637201"
"PC6","CR","A","0.00132404809517019","-0.00113116764785228","-0.000202850530637201"
"PC7","CR","A","-0.00130812722278835","0.001117566045441","0.00020041137648363"
"PC8","CR","A","0.00132404809517019","-0.00113116764785228","-0.000202850530637201"
"PC9","CR","A","0.000444655289419311","-0.000379880217095035","-6.81233270440616e-05"
"PC10","CR","A","-0.00130812722278835","0.001117566045441","0.00020041137648363"
"mesor_S","CR","A","0.000444655289419311","-0.000379880217095035","-6.81233270440616e-05"
"amp_S","CR","A","-0.000773477848863695","0.000660801614500665","0.000118500523244176"
"acro_S","CR","A","0.000863471933369039","-0.000737685828345968","-0.000132288049439568"
"mesor_L_S","CR","A","0.000444655289419311","-0.000379880217095035","-6.81233270440616e-05"
"amp_L_S","CR","A","-0.00055057024630649","0.000470366033351617","8.43500073930252e-05"
"acro_L_S","CR","A","0.000863471933369039","-0.000737685828345968","-0.000132288049439568"
"minimum_ext_S","CR","A","0.00132404809517019","-0.00113116764785228","-0.000202850530637201"
"amp_ext_S","CR","A","-0.000773477848863695","0.000660801614500665","0.000118500523244176"
"alpha_ext_S","CR","A","-0.00055057024630649","0.000470366033351617","8.43500073930252e-05"
"beta_ext_S","CR","A","-0.00055057024630649","0.000470366033351617","8.43500073930252e-05"
"acrotime_ext_S","CR","A","-0.000773477848863695","0.000660801614500665","0.000118500523244176"
"F_pseudo_ext_S","CR","A","-0.00130812722278835","0.001117566045441","0.00020041137648363"
"UpMesor_ext_S","CR","A","-0.00055057024630649","0.000470366033351617","8.43500073930252e-05"
"DownMesor_ext_S","CR","A","0.000444655289419311","-0.000379880217095035","-6.81233270440616e-05"
"MESOR_ext_S","CR","A","0.000444655289419311","-0.000379880217095035","-6.81233270440616e-05"
"minimum_ext_L_S","CR","A","0.000444655289419311","-0.000379880217095035","-6.81233270440616e-05"
"amp_ext_L_S","CR","A","-0.00130812722278835","0.001117566045441","0.00020041137648363"
"alpha_ext_L_S","CR","A","-0.00055057024630649","0.000470366033351617","8.43500073930252e-05"
"beta_ext_L_S","CR","A","-0.00055057024630649","0.000470366033351617","8.43500073930252e-05"
"acrotime_ext_L_S","CR","A","-0.000773477848863695","0.000660801614500665","0.000118500523244176"
"F_pseudo_ext_L_S","CR","A","-0.00130812722278835","0.001117566045441","0.00020041137648363"
"UpMesor_ext_L_S","CR","A","-0.00055057024630649","0.000470366033351617","8.43500073930252e-05"
"DownMesor_ext_L_S","CR","A","0.000444655289419311","-0.000379880217095035","-6.81233270440616e-05"
"MESOR_ext_L_S","CR","A","0.000444655289419311","-0.000379880217095035","-6.81233270440616e-05"
"PC1_S","CR","A","0.00132404809517019","-0.00113116764785228","-0.000202850530637201"
"PC2_S","CR","A","0.000863471933369039","-0.000737685828345968","-0.000132288049439568"
"PC3_S","CR","A","-0.00055057024630649","0.000470366033351617","8.43500073930252e-05"
"PC4_S","CR","A","0.000444655289419311","-0.000379880217095035","-6.81233270440616e-05"
"PC5_S","CR","A","0.00132404809517019","-0.00113116764785228","-0.000202850530637201"
"PC6_S","CR","A","0.000863471933369039","-0.000737685828345968","-0.000132288049439568"
"PC7_S","CR","A","0.000444655289419311","-0.000379880217095035","-6.81233270440616e-05"
"PC8_S","CR","A","-0.000773477848863695","0.000660801614500665","0.000118500523244176"
"PC9_S","CR","A","0.00132404809517019","-0.00113116764785228","-0.000202850530637201"
"PC10_S","CR","A","-0.00055057024630649","0.000470366033351617","8.43500073930252e-05"
"sd_L5TIME_num","CR","A","-0.000529796898749852","0.000452618839137618","8.11674307250428e-05"
"sd_M10TIME_num","CR","A","-0.000529796898749852","0.000452618839137618","8.11674307250428e-05"
"sd_L5VALUE","CR","A","-0.000529796898749852","0.000452618839137618","8.11674307250428e-05"
"sd_M10VALUE","CR","A","-0.000529796898749852","0.000452618839137618","8.11674307250428e-05"
"sd_RA_ggir","CR","A","0.000728374395241953","-0.000622268597664322","-0.000111590457413399"
"sd_L5","CR","A","0.00132404809517019","-0.00113116764785228","-0.000202850530637201"
"sd_L6","CR","A","0.000444655289419311","-0.000379880217095035","-6.81233270440616e-05"
"sd_L7","CR","A","0.000444655289419311","-0.000379880217095035","-6.81233270440616e-05"
"sd_L8","CR","A","0.00132404809517019","-0.00113116764785228","-0.000202850530637201"
"sd_L9","CR","A","0.000444655289419311","-0.000379880217095035","-6.81233270440616e-05"
"sd_L10","CR","A","0.000444655289419311","-0.000379880217095035","-6.81233270440616e-05"
"sd_L5TIME","CR","A","0.000444655289419311","-0.000379880217095035","-6.81233270440616e-05"
"sd_L6TIME","CR","A","0.000444655289419311","-0.000379880217095035","-6.81233270440616e-05"
"sd_L7TIME","CR","A","0.000444655289419311","-0.000379880217095035","-6.81233270440616e-05"
"sd_L8TIME","CR","A","0.000444655289419311","-0.000379880217095035","-6.81233270440616e-05"
"sd_L9TIME","CR","A","0.000444655289419311","-0.000379880217095035","-6.81233270440616e-05"
"sd_L10TIME","CR","A","0.000444655289419311","-0.000379880217095035","-6.81233270440616e-05"
"sd_M5","CR","A","-0.000773477848863695","0.000660801614500665","0.000118500523244176"
"sd_M6","CR","A","-0.000773477848863695","0.000660801614500665","0.000118500523244176"
"sd_M7","CR","A","-0.000773477848863695","0.000660801614500665","0.000118500523244176"
"sd_M8","CR","A","-0.000773477848863695","0.000660801614500665","0.000118500523244176"
"sd_M9","CR","A","-0.000773477848863695","0.000660801614500665","0.000118500523244176"
"sd_M10","CR","A","-0.00130812722278835","0.001117566045441","0.00020041137648363"
"sd_M5TIME","CR","A","0.000444655289419311","-0.000379880217095035","-6.81233270440616e-05"
"sd_M6TIME","CR","A","0.000444655289419311","-0.000379880217095035","-6.81233270440616e-05"
"sd_M7TIME","CR","A","0.000444655289419311","-0.000379880217095035","-6.81233270440616e-05"
"sd_M8TIME","CR","A","0.000444655289419311","-0.000379880217095035","-6.81233270440616e-05"
"sd_M9TIME","CR","A","0.000444655289419311","-0.000379880217095035","-6.81233270440616e-05"
"sd_M10TIME","CR","A","0.000444655289419311","-0.000379880217095035","-6.81233270440616e-05"
"sd_L5_NN","CR","A","0.00132404809517019","-0.00113116764785228","-0.000202850530637201"
"sd_L6_NN","CR","A","0.000863471933369039","-0.000737685828345968","-0.000132288049439568"
"sd_L7_NN","CR","A","-0.00055057024630649","0.000470366033351617","8.43500073930252e-05"
"sd_L8_NN","CR","A","-0.00130812722278835","0.001117566045441","0.00020041137648363"
"sd_L9_NN","CR","A","-0.00130812722278835","0.001117566045441","0.00020041137648363"
"sd_L10_NN","CR","A","-0.00130812722278835","0.001117566045441","0.00020041137648363"
"sd_L5TIME_NN","CR","A","-0.00130812722278835","0.001117566045441","0.00020041137648363"
"sd_L6TIME_NN","CR","A","-0.00130812722278835","0.001117566045441","0.00020041137648363"
"sd_L7TIME_NN","CR","A","-0.00130812722278835","0.001117566045441","0.00020041137648363"
"sd_L8TIME_NN","CR","A","-0.00130812722278835","0.001117566045441","0.00020041137648363"
"sd_L9TIME_NN","CR","A","-0.00130812722278835","0.001117566045441","0.00020041137648363"
"sd_L10TIME_NN","CR","A","-0.00130812722278835","0.001117566045441","0.00020041137648363"
"sd_M5_NN","CR","A","-0.00130812722278835","0.001117566045441","0.00020041137648363"
"sd_M6_NN","CR","A","-0.00130812722278835","0.001117566045441","0.00020041137648363"
"sd_M7_NN","CR","A","-0.00130812722278835","0.001117566045441","0.00020041137648363"
"sd_M8_NN","CR","A","-0.00130812722278835","0.001117566045441","0.00020041137648363"
"sd_M9_NN","CR","A","-0.00130812722278835","0.001117566045441","0.00020041137648363"
"sd_M10_NN","CR","A","-0.00130812722278835","0.001117566045441","0.00020041137648363"
"sd_M5TIME_NN","CR","A","0.00132404809517019","-0.00113116764785228","-0.000202850530637201"
"sd_M6TIME_NN","CR","A","0.00132404809517019","-0.00113116764785228","-0.000202850530637201"
"sd_M7TIME_NN","CR","A","0.000863471933369039","-0.000737685828345968","-0.000132288049439568"
"sd_M8TIME_NN","CR","A","0.000863471933369039","-0.000737685828345968","-0.000132288049439568"
"sd_M9TIME_NN","CR","A","-0.00055057024630649","0.000470366033351617","8.43500073930252e-05"
"sd_M10TIME_NN","CR","A","-0.00055057024630649","0.000470366033351617","8.43500073930252e-05"
"sd_L5TIME_num_cmean","CR","A","-0.000529796898749852","0.000452618839137618","8.11674307250428e-05"
"sd_M10TIME_num_cmean","CR","A","-0.000529796898749852","0.000452618839137618","8.11674307250428e-05"
"sd_L5TIME_cmean","CR","A","0.000444655289419311","-0.000379880217095035","-6.81233270440616e-05"
"sd_L6TIME_cmean","CR","A","0.000444655289419311","-0.000379880217095035","-6.81233270440616e-05"
"sd_L7TIME_cmean","CR","A","0.000444655289419311","-0.000379880217095035","-6.81233270440616e-05"
"sd_L8TIME_cmean","CR","A","0.000444655289419311","-0.000379880217095035","-6.81233270440616e-05"
"sd_L9TIME_cmean","CR","A","0.000444655289419311","-0.000379880217095035","-6.81233270440616e-05"
"sd_L10TIME_cmean","CR","A","0.000444655289419311","-0.000379880217095035","-6.81233270440616e-05"
"sd_M5TIME_cmean","CR","A","0.000444655289419311","-0.000379880217095035","-6.81233270440616e-05"
"sd_M6TIME_cmean","CR","A","0.000444655289419311","-0.000379880217095035","-6.81233270440616e-05"
"sd_M7TIME_cmean","CR","A","0.000444655289419311","-0.000379880217095035","-6.81233270440616e-05"
"sd_M8TIME_cmean","CR","A","0.000444655289419311","-0.000379880217095035","-6.81233270440616e-05"
"sd_M9TIME_cmean","CR","A","0.000444655289419311","-0.000379880217095035","-6.81233270440616e-05"
"sd_M10TIME_cmean","CR","A","0.000444655289419311","-0.000379880217095035","-6.81233270440616e-05"
"sd_L5TIME_NN_cmean","CR","A","0.000863471933369039","-0.000737685828345968","-0.000132288049439568"
"sd_L6TIME_NN_cmean","CR","A","-0.00130812722278835","0.001117566045441","0.00020041137648363"
"sd_L7TIME_NN_cmean","CR","A","-0.00130812722278835","0.001117566045441","0.00020041137648363"
"sd_L8TIME_NN_cmean","CR","A","-0.00130812722278835","0.001117566045441","0.00020041137648363"
"sd_L9TIME_NN_cmean","CR","A","-0.00130812722278835","0.001117566045441","0.00020041137648363"
"sd_L10TIME_NN_cmean","CR","A","-0.00130812722278835","0.001117566045441","0.00020041137648363"
"sd_M5TIME_NN_cmean","CR","A","0.00132404809517019","-0.00113116764785228","-0.000202850530637201"
"sd_M6TIME_NN_cmean","CR","A","0.00132404809517019","-0.00113116764785228","-0.000202850530637201"
"sd_M7TIME_NN_cmean","CR","A","0.000863471933369039","-0.000737685828345968","-0.000132288049439568"
"sd_M8TIME_NN_cmean","CR","A","0.000863471933369039","-0.000737685828345968","-0.000132288049439568"
"sd_M9TIME_NN_cmean","CR","A","-0.00055057024630649","0.000470366033351617","8.43500073930252e-05"
"sd_M10TIME_NN_cmean","CR","A","-0.00055057024630649","0.000470366033351617","8.43500073930252e-05"
"sd_RA","CR","A","0.00132404809517019","-0.00113116764785228","-0.000202850530637201"
"sd_IV","CR","A","0.00132404809517019","-0.00113116764785228","-0.000202850530637201"
"sd_mesor","CR","A","-0.000773477848863695","0.000660801614500665","0.000118500523244176"
"sd_amp","CR","A","-0.000773477848863695","0.000660801614500665","0.000118500523244176"
"sd_acro","CR","A","0.000444655289419311","-0.000379880217095035","-6.81233270440616e-05"
"sd_mesor_L","CR","A","-0.00130812722278835","0.001117566045441","0.00020041137648363"
"sd_amp_L","CR","A","-0.00130812722278835","0.001117566045441","0.00020041137648363"
"sd_acro_L","CR","A","0.000444655289419311","-0.000379880217095035","-6.81233270440616e-05"
"sd_minimum_ext","CR","A","0.000444655289419311","-0.000379880217095035","-6.81233270440616e-05"
"sd_amp_ext","CR","A","-0.000773477848863695","0.000660801614500665","0.000118500523244176"
"sd_alpha_ext","CR","A","0.000444655289419311","-0.000379880217095035","-6.81233270440616e-05"
"sd_beta_ext","CR","A","-0.000773477848863695","0.000660801614500665","0.000118500523244176"
"sd_acrotime_ext","CR","A","0.000444655289419311","-0.000379880217095035","-6.81233270440616e-05"
"sd_F_pseudo_ext","CR","A","0.000444655289419311","-0.000379880217095035","-6.81233270440616e-05"
"sd_UpMesor_ext","CR","A","0.000444655289419311","-0.000379880217095035","-6.81233270440616e-05"
"sd_DownMesor_ext","CR","A","0.000444655289419311","-0.000379880217095035","-6.81233270440616e-05"
"sd_MESOR_ext","CR","A","-0.000773477848863695","0.000660801614500665","0.000118500523244176"
"sd_minimum_ext_L","CR","A","0.00132404809517019","-0.00113116764785228","-0.000202850530637201"
"sd_amp_ext_L","CR","A","-0.00055057024630649","0.000470366033351617","8.43500073930252e-05"
"sd_alpha_ext_L","CR","A","0.00132404809517019","-0.00113116764785228","-0.000202850530637201"
"sd_beta_ext_L","CR","A","0.000444655289419311","-0.000379880217095035","-6.81233270440616e-05"
"sd_acrotime_ext_L","CR","A","0.000444655289419311","-0.000379880217095035","-6.81233270440616e-05"
"sd_F_pseudo_ext_L","CR","A","-0.00130812722278835","0.001117566045441","0.00020041137648363"
"sd_UpMesor_ext_L","CR","A","0.000444655289419311","-0.000379880217095035","-6.81233270440616e-05"
"sd_DownMesor_ext_L","CR","A","0.00132404809517019","-0.00113116764785228","-0.000202850530637201"
"sd_MESOR_ext_L","CR","A","-0.00055057024630649","0.000470366033351617","8.43500073930252e-05"
"sd_PC1","CR","A","0.000444655289419311","-0.000379880217095035","-6.81233270440616e-05"
"sd_PC2","CR","A","0.000444655289419311","-0.000379880217095035","-6.81233270440616e-05"
"sd_PC3","CR","A","-0.000773477848863695","0.000660801614500665","0.000118500523244176"
"sd_PC4","CR","A","0.000444655289419311","-0.000379880217095035","-6.81233270440616e-05"
"sd_PC5","CR","A","0.000444655289419311","-0.000379880217095035","-6.81233270440616e-05"
"sd_PC6","CR","A","0.00132404809517019","-0.00113116764785228","-0.000202850530637201"
"sd_PC7","CR","A","0.000444655289419311","-0.000379880217095035","-6.81233270440616e-05"
"sd_PC8","CR","A","0.00132404809517019","-0.00113116764785228","-0.000202850530637201"
"sd_PC9","CR","A","0.000444655289419311","-0.000379880217095035","-6.81233270440616e-05"
"sd_PC10","CR","A","0.00132404809517019","-0.00113116764785228","-0.000202850530637201"
